เพจยอดนิยม,การคลิก,การแสดงผล,CTR,ตำแหน่ง
https://buyhubthai.com/พื้นที่ให้บริการ/สุรินทร์,4.0,64.0,0.0625,9.84
https://buyhubthai.com/พื้นที่ให้บริการ/อุบลราชธานี,2.0,33.0,0.060599999999999994,8.12
https://buyhubthai.com/,0.0,18.0,0.0,1.72
https://buyhubthai.com/รับซื้ออุปกรณ์เกมมิ่ง,0.0,16.0,0.0,6.75
https://buyhubthai.com/พื้นที่ให้บริการ,0.0,15.0,0.0,6.93
https://buyhubthai.com/ติดต่อเรา,0.0,13.0,0.0,7.92
https://buyhubthai.com/รับซื้อ-ipad,0.0,12.0,0.0,10.0
https://buyhubthai.com/เกี่ยวกับเรา,0.0,9.0,0.0,4.67
https://buyhubthai.com/บทความ/ขาย-playstation-มือสอง-ได้ราคา-เท่าไหร่,0.0,8.0,0.0,9.75
https://buyhubthai.com/รับซื้อ-jbl,0.0,7.0,0.0,18.0
https://buyhubthai.com/รับซื้อโน๊ตบุ๊คมือสอง,0.0,6.0,0.0,9.33
https://buyhubthai.com/บทความ/ขาย-อุปกรณ์สำนักงาน-it-ต้องเตรียมรายการยังไง,0.0,4.0,0.0,1.0
https://buyhubthai.com/บทความ,0.0,4.0,0.0,4.75
https://buyhubthai.com/เงื่อนไขการใช้บริการ,0.0,4.0,0.0,7.25
https://buyhubthai.com/ขั้นตอนการขาย,0.0,4.0,0.0,8.0
https://buyhubthai.com/ผลงานรับซื้อจริง/,0.0,3.0,0.0,1.67
https://buyhubthai.com/บทความ/,0.0,3.0,0.0,2.0
https://buyhubthai.com/พื้นที่ให้บริการ/เลย,0.0,3.0,0.0,3.67
https://buyhubthai.com/รับซื้อ-playstation,0.0,3.0,0.0,5.0
https://buyhubthai.com/บทความ/ขาย-การ์ดจอ-มือสอง-ต้องระวังอะไร/,0.0,3.0,0.0,5.33
https://buyhubthai.com/พื้นที่ให้บริการ/นครพนม/,0.0,3.0,0.0,9.0
https://buyhubthai.com/เงื่อนไขการใช้บริการ/,0.0,2.0,0.0,7.0
https://buyhubthai.com/นโยบายความเป็นส่วนตัว/,0.0,1.0,0.0,3.0
https://buyhubthai.com/รับซื้อ-airpods,0.0,1.0,0.0,3.0
https://buyhubthai.com/รับซื้อ-ps5,0.0,1.0,0.0,7.0
https://buyhubthai.com/รับซื้อ-macbook-หนองคาย,0.0,1.0,0.0,9.0
https://buyhubthai.com/รับซื้อเครื่องปริ้น/,0.0,1.0,0.0,11.0
https://buyhubthai.com/รับซื้อโน๊ตบุ๊ค-หนองคาย/,0.0,1.0,0.0,13.0
https://buyhubthai.com/รับซื้อ/corporate-it/เลย/ต้องเตรียมอะไรบ้าง,0.0,1.0,0.0,15.0
